anthony aaron linis,anthony aaron lines
alexander aistides reid,alexander aristides reid
alma angila cohen,alma angela cohen
robrt earl hames,robert earl hames
david wellingon,david wellington
etianne smit,etienne smit
grace jene gummer,grace jane gummer
hamiiton frederick bohannon,hamilton frederick bohannon
hensy john jones,henry john jones
ian william wriggglesworth,ian william wrigglesworth
janet mare jones,janet marie jones
jess taylor rugge,jesse taylor rugge
james michal constable,james michael constable
john williem smit,john william smit
robert keven rose,robert kevin rose
thoma paul mooney,thomas paul mooney
richard arshur beckinsale,richard arthur beckinsale
shireen jinnaph,shireen jinnah
shlreen sungkar,shireen sungkar
arthr travers harris,arthur travers harris
voltairae tuvera gazmin,voltaire tuvera gazmin
massimo plazzi,massimo palazzi
abdur rahim khen,abdur rahim khan
adem thomas jones,adam thomas jones
adam thomcon,adam thomson
adidayo adeyemi adebayo,adedayo adeyemi adebayo
taurian adonis shropshir,taurian adonis shropshire
adriann marie curry,adrianne marie curry
adriano ferrlira cintra,adriano ferreira cintra
agnes gunadv,agnes gund
akbarkhan,akbar khan
alan edwim thomas harper,alan edwin thomas harper
alanwarner,alan warner
albirt rudolph,albert rudolph
alec nahan wildenstein,alec nathan wildenstein
alered davies,aled davies
alessia maircuzzi,alessia marcuzzi
alssia merz,alessia merz
alexander aarong gordon,alexander aaron gordon
alec william rorss,alec william ross
giorge alexander graber,george alexander graber
aexander arturovich rou,alexander arturovich rou
alxandre espinasse,alexandre espinasse
ali kuli khan kattak,ali kuli khan khattak
alinaeremia,alina eremia
alcina plugaru,alina plugaru
allegra becg versace,allegra beck versace
amindeep singh hayer,amandeep singh hayer
jenny amanda katarina bengtssn,jenny amanda katarina bengtsson
amanda paomli,amanda paoli
amelia edith uddleston,amelia edith huddleston
ameroca athene olivo,america athene olivo
amjad zakasia khan,amjad zakaria khan
amy laura ephrn,amy laura ephron
amy robseart,amy robsart
aanda marchildon,ananda marchildon
andrea dagnolo di frencesco di luca di paolo del migliore,andrea dagnolo di francesco di luca di paolo del migliore
andrei andreyevinch voznesensky,andrei andreyevich voznesensky
andrew alen,andrew allen
andrew dawso,andrew dawson
andrew jamesetiernan,andrew james tiernan
andrew phtrick wood,andrew patrick wood
andrius mamontovs,andrius mamontovas
andrewchatterley,andrew chatterley
andrdgw tyrie,andrew tyrie
anja klig,anja kling
anjuean shaheen,anjuman shaheen
ann browng,ann brown
annie doglas savage,annie douglas savage
antho ny basil taylor,anthony basil taylor
autonio casal rivadulla,antonio casal rivadulla
antonio imbert berrera,antonio imbert barrera